format,path,dist,M,N,K,tile,tflops_median,tflops_min,tflops_max,tflops_mean,ms_median,rel,maxabs,p99,n_runs
CUBLAS_FP16,REF,"U(-1,1)",2048,7168,7168,cublas,98.460,86.070,98.680,96.030,2.1370,0.0e+0,0.0e+0,0.0e+0,5
CUBLAS_FP16,REF,"U(-1,1)",64,7168,7168,cublas,21.720,19.610,22.050,21.356,0.3030,0.0e+0,0.0e+0,0.0e+0,5
INT8,LUT,"U(-1,1)",2048,7168,7168,16x64x32_w4,5.240,5.130,5.250,5.220,40.1610,2.594e-04,3.975e-02,1.811e-02,5
INT8,BITSHIFT,"U(-1,1)",2048,7168,7168,16x64x32_w4,3.460,3.430,3.520,3.464,60.8640,1.846e-04,2.817e-02,1.329e-02,5
INT8,LUT,"U(-1,1)",2048,7168,7168,16x128x32_w8,5.050,5.010,5.060,5.044,41.7000,2.594e-04,3.975e-02,1.811e-02,5
INT8,BITSHIFT,"U(-1,1)",2048,7168,7168,16x128x32_w8,3.650,3.640,3.690,3.658,57.6760,1.846e-04,2.817e-02,1.329e-02,5
INT8,LUT,"U(-1,1)",2048,7168,7168,16x128x32_w4f2,5.590,5.510,5.590,5.568,37.6760,2.594e-04,3.975e-02,1.811e-02,5
INT8,LUT,"U(-1,1)",2048,7168,7168,16x256x32_w4f4,3.650,3.650,3.660,3.654,57.5820,2.594e-04,3.975e-02,1.811e-02,5
INT8,LUT,"U(-1,1)",2048,7168,7168,128x64x32_w4_v1,12.370,12.350,12.380,12.368,17.0080,2.594e-04,3.975e-02,1.811e-02,5
INT8,LUT,"U(-1,1)",2048,7168,7168,128x128x32_w4_v1,9.700,9.690,9.700,9.698,21.7040,2.594e-04,3.975e-02,1.811e-02,5
INT8,LUT,"U(-1,1)",2048,7168,7168,128x256x32_w4_v1,5.650,5.640,5.650,5.648,37.2600,2.594e-04,3.975e-02,1.811e-02,5
INT8,LUT,"U(-1,1)",2048,7168,7168,128x256x32_w8_v1,10.400,10.400,10.410,10.402,20.2310,2.594e-04,3.975e-02,1.811e-02,5
INT8,LUT,"U(-1,1)",2048,7168,7168,64x64x32_w4_v1,11.010,10.990,11.040,11.012,19.1070,2.594e-04,3.975e-02,1.811e-02,5
INT8,LUT,"U(-1,1)",2048,7168,7168,64x128x32_w4_v1,8.610,8.610,8.630,8.616,24.4360,2.594e-04,3.975e-02,1.811e-02,5
INT8,LUT,"U(-1,1)",2048,7168,7168,128x64x32_w4_v2,16.250,16.100,16.400,16.240,12.9520,2.594e-04,3.975e-02,1.811e-02,5
INT8,LUT,"U(-1,1)",2048,7168,7168,128x128x32_w4_v2,18.190,18.120,18.220,18.174,11.5690,2.594e-04,3.975e-02,1.811e-02,5
INT8,LUT,"U(-1,1)",2048,7168,7168,128x256x32_w4_v2,10.640,10.620,10.650,10.636,19.7770,2.594e-04,3.975e-02,1.811e-02,5
INT8,LUT,"U(-1,1)",2048,7168,7168,128x256x32_w8_v2,21.440,21.430,21.440,21.436,9.8180,2.594e-04,3.975e-02,1.811e-02,5
INT8,LUT,"U(-1,1)",2048,7168,7168,64x64x32_w4_v2,15.710,15.690,15.770,15.726,13.3970,2.594e-04,3.975e-02,1.811e-02,5
INT8,LUT,"U(-1,1)",2048,7168,7168,64x128x32_w4_v2,21.360,21.340,21.380,21.360,9.8520,2.594e-04,3.975e-02,1.811e-02,5
INT8,LUT,"U(-1,1)",2048,7168,7168,128x64x32_w4_v3,20.940,20.940,20.940,20.940,10.0490,2.594e-04,3.975e-02,1.811e-02,5
INT8,LUT,"U(-1,1)",2048,7168,7168,128x128x32_w4_v3,27.500,27.480,27.550,27.510,7.6540,2.594e-04,3.975e-02,1.811e-02,5
INT8,LUT,"U(-1,1)",2048,7168,7168,64x64x32_w4_v3,19.980,19.980,19.980,19.980,10.5320,2.594e-04,3.975e-02,1.811e-02,5
INT8,LUT,"U(-1,1)",2048,7168,7168,64x128x32_w4_v3,26.950,26.890,27.030,26.962,7.8090,2.594e-04,3.975e-02,1.811e-02,5
INT8,LUT,"U(-1,1)",2048,7168,7168,32x128x32_w4_v3_b1,19.220,19.160,19.290,19.230,10.9470,2.594e-04,3.975e-02,1.811e-02,5
INT8,LUT,"U(-1,1)",2048,7168,7168,32x64x32_w4_v3_b1,13.970,13.930,14.030,13.972,15.0680,2.594e-04,3.975e-02,1.811e-02,5
INT8,LUT,"U(-1,1)",2048,7168,7168,32x256x32_w8_v3_b1,18.860,18.790,18.980,18.874,11.1580,2.594e-04,3.975e-02,1.811e-02,5
INT8,LUT,"U(-1,1)",2048,7168,7168,128x128x32_w8_v3_b1alt,21.410,21.400,21.450,21.416,9.8310,2.594e-04,3.975e-02,1.811e-02,5
INT8,LUT,"U(-1,1)",2048,7168,7168,64x128x32_w8_v3_b1alt,18.280,18.250,18.340,18.282,11.5140,2.594e-04,3.975e-02,1.811e-02,5
INT8,LUT,"U(-1,1)",2048,7168,7168,128x64x32_w4_v4,20.230,20.220,20.260,20.232,10.4050,2.594e-04,3.975e-02,1.811e-02,5
INT8,LUT,"U(-1,1)",2048,7168,7168,128x128x32_w4_v4,27.720,27.670,27.770,27.720,7.5910,2.594e-04,3.975e-02,1.811e-02,5
INT8,LUT,"U(-1,1)",2048,7168,7168,64x64x32_w4_v4,18.950,18.930,19.000,18.954,11.1080,2.594e-04,3.975e-02,1.811e-02,5
INT8,LUT,"U(-1,1)",2048,7168,7168,64x128x32_w4_v4,26.530,26.530,26.570,26.540,7.9330,2.594e-04,3.975e-02,1.811e-02,5
INT8,LUT,"U(-1,1)",2048,7168,7168,128x64x32_w4_v5,16.330,16.330,16.350,16.334,12.8880,2.594e-04,3.975e-02,1.811e-02,5
INT8,LUT,"U(-1,1)",2048,7168,7168,128x128x32_w4_v5,26.650,26.630,26.710,26.662,7.8960,2.594e-04,3.975e-02,1.811e-02,5
INT8,LUT,"U(-1,1)",2048,7168,7168,64x64x32_w4_v5,13.910,13.910,13.940,13.916,15.1280,2.594e-04,3.975e-02,1.811e-02,5
INT8,LUT,"U(-1,1)",2048,7168,7168,64x128x32_w4_v5,21.670,21.640,21.690,21.664,9.7100,2.594e-04,3.975e-02,1.811e-02,5
INT8,LUT,"U(-1,1)",2048,7168,7168,128x128x64_w4_v6,20.970,20.960,21.000,20.976,10.0350,2.594e-04,3.975e-02,1.811e-02,5
INT8,LUT,"U(-1,1)",2048,7168,7168,128x64x64_w4_v6,12.120,12.120,12.150,12.126,17.3600,2.594e-04,3.975e-02,1.811e-02,5
INT8,LUT,"U(-1,1)",2048,7168,7168,64x128x64_w4_v6,19.060,19.050,19.100,19.064,11.0430,2.594e-04,3.975e-02,1.811e-02,5
INT8,LUT,"U(-1,1)",2048,7168,7168,64x64x64_w4_v6,12.160,12.140,12.210,12.164,17.3100,2.594e-04,3.975e-02,1.811e-02,5
INT8,LUT,"U(-1,1)",2048,7168,7168,64x128x32_w4_v7,22.150,22.130,22.170,22.150,9.5010,2.594e-04,3.975e-02,1.811e-02,5
INT8,LUT,"U(-1,1)",2048,7168,7168,64x64x32_w4_v7,18.460,18.340,18.510,18.438,11.3990,2.594e-04,3.975e-02,1.811e-02,5
INT8,LUT,"U(-1,1)",2048,7168,7168,32x128x32_w4_v7,13.220,13.210,13.240,13.222,15.9200,2.594e-04,3.975e-02,1.811e-02,5
INT8,LUT,"U(-1,1)",2048,7168,7168,32x64x32_w4_v7,14.140,14.120,14.150,14.136,14.8860,2.594e-04,3.975e-02,1.811e-02,5
INT8,LUT,"U(-1,1)",2048,7168,7168,128x64x32_w4_v8,20.530,20.520,20.570,20.534,10.2530,5.469e-03,2.450e+00,6.244e-01,5
INT8,LUT,"U(-1,1)",2048,7168,7168,128x128x32_w4_v8,28.390,28.360,28.500,28.406,7.4130,5.469e-03,2.450e+00,6.244e-01,5
INT8,LUT,"U(-1,1)",2048,7168,7168,64x64x32_w4_v8,19.330,19.320,19.400,19.342,10.8890,5.469e-03,2.450e+00,6.244e-01,5
INT8,LUT,"U(-1,1)",2048,7168,7168,64x128x32_w4_v8,26.930,26.920,26.980,26.936,7.8140,5.469e-03,2.450e+00,6.244e-01,5
INT8,LUT,"U(-1,1)",2048,7168,7168,32x128x32_w4_v8,19.260,19.200,19.320,19.254,10.9250,5.469e-03,2.450e+00,6.244e-01,5
INT8,LUT,"U(-1,1)",2048,7168,7168,32x64x32_w4_v8,13.640,13.560,13.690,13.620,15.4310,5.469e-03,2.450e+00,6.244e-01,5
INT8,LUT,"U(-1,1)",2048,7168,7168,128x128x32_w4_v9_ck2,26.290,26.290,26.360,26.308,8.0050,7.072e-01,2.039e+02,9.265e+01,5
INT8,LUT,"U(-1,1)",2048,7168,7168,128x128x32_w4_v9_ck4,26.820,26.810,26.850,26.824,7.8480,7.073e-01,2.039e+02,9.264e+01,5
INT8,LUT,"U(-1,1)",2048,7168,7168,128x128x32_w4_v9_ck8,27.130,27.110,27.230,27.148,7.7560,7.075e-01,2.039e+02,9.264e+01,5
INT8,LUT,"U(-1,1)",2048,7168,7168,64x128x32_w4_v9_ck4,26.370,26.360,26.390,26.372,7.9810,7.073e-01,2.039e+02,9.264e+01,5
INT8,LUT,"U(-1,1)",2048,7168,7168,64x64x32_w4_v9_ck4,19.230,19.220,19.250,19.234,10.9440,7.073e-01,2.039e+02,9.264e+01,5
INT8,LUT,"U(-1,1)",2048,7168,7168,128x128x32_w4_v10,29.310,29.250,29.380,29.310,7.1810,2.594e-04,3.975e-02,1.811e-02,5
INT8,LUT,"U(-1,1)",2048,7168,7168,128x64x32_w4_v10,20.770,20.770,20.800,20.776,10.1320,2.594e-04,3.975e-02,1.811e-02,5
INT8,LUT,"U(-1,1)",2048,7168,7168,64x128x32_w4_v10,27.980,27.890,28.030,27.974,7.5220,2.594e-04,3.975e-02,1.811e-02,5
INT8,LUT,"U(-1,1)",2048,7168,7168,64x64x32_w4_v10,19.570,19.390,19.730,19.562,10.7560,2.594e-04,3.975e-02,1.811e-02,5
INT8,LUT,"U(-1,1)",2048,7168,7168,64x256x32_w8_v10,28.500,28.220,28.590,28.476,7.3850,2.594e-04,3.975e-02,1.811e-02,5
INT8,LUT,"U(-1,1)",2048,7168,7168,128x128x32_w4_v11,33.380,33.090,33.390,33.320,6.3050,2.594e-04,3.975e-02,1.811e-02,5
INT8,LUT,"U(-1,1)",2048,7168,7168,64x128x32_w4_v11,31.810,31.400,32.380,31.814,6.6150,2.594e-04,3.975e-02,1.811e-02,5
INT8,LUT,"U(-1,1)",2048,7168,7168,128x256x32_w8_v11,8.050,8.040,8.090,8.058,26.1370,2.594e-04,3.975e-02,1.811e-02,5
INT8,LUT,"U(-1,1)",2048,7168,7168,64x256x32_w8_v11,31.810,31.750,31.850,31.800,6.6160,2.594e-04,3.975e-02,1.811e-02,5
INT8,LUT,"U(-1,1)",2048,7168,7168,128x128x16_w4_v11,35.020,34.950,35.040,35.006,6.0100,2.594e-04,3.975e-02,1.811e-02,5
INT8,LUT,"U(-1,1)",2048,7168,7168,64x128x16_w4_v11,26.400,26.380,26.520,26.434,7.9720,2.594e-04,3.975e-02,1.811e-02,5
INT8,LUT,"U(-1,1)",2048,7168,7168,128x256x16_w8_v11,6.040,6.040,6.040,6.040,34.8650,2.594e-04,3.975e-02,1.811e-02,5
INT8,LUT,"U(-1,1)",2048,7168,7168,64x256x16_w8_v11,33.500,33.330,33.740,33.544,6.2830,2.594e-04,3.975e-02,1.811e-02,5
INT8,LUT,"U(-1,1)",2048,7168,7168,64x256x16_w4f4_v11,29.570,29.380,29.850,29.622,7.1170,2.594e-04,3.975e-02,1.811e-02,5
INT8,LUT,"U(-1,1)",2048,7168,7168,128x256x16_w4f4_v11,10.100,10.060,10.120,10.096,20.8270,2.594e-04,3.975e-02,1.811e-02,5
INT8,LUT,"U(-1,1)",2048,7168,7168,32x128x16_w4_v11,22.100,21.860,22.240,22.056,9.5210,2.594e-04,3.975e-02,1.811e-02,5
INT8,LUT,"U(-1,1)",2048,7168,7168,32x256x16_w8_v11,21.320,21.310,21.440,21.344,9.8710,2.594e-04,3.975e-02,1.811e-02,5
INT8,LUT,"U(-1,1)",2048,7168,7168,32x128x32_w4_v11,18.260,17.510,18.650,18.192,11.5250,2.594e-04,3.975e-02,1.811e-02,5
INT8,LUT,"U(-1,1)",2048,7168,7168,192x128x16_w4_v11,32.870,32.550,32.950,32.824,6.4020,2.594e-04,3.975e-02,1.811e-02,5
INT8,LUT,"U(-1,1)",2048,7168,7168,256x128x16_w4_v11,10.560,10.490,10.590,10.554,19.9370,2.594e-04,3.975e-02,1.811e-02,5
INT8,LUT,"U(-1,1)",2048,7168,7168,64x128x16_w2f4_v11,34.530,34.460,35.010,34.678,6.0950,2.594e-04,3.975e-02,1.811e-02,5
INT8,LUT,"U(-1,1)",2048,7168,7168,64x128x32_w2f4_v11,23.730,23.020,27.160,24.694,8.8700,2.594e-04,3.975e-02,1.811e-02,5
INT8,LUT,"U(-1,1)",2048,7168,7168,32x128x16_w2f4_v11,5.320,5.240,5.410,5.326,39.5550,2.594e-04,3.975e-02,1.811e-02,5
INT8,LUT,"U(-1,1)",2048,7168,7168,128x128x16_w4_v12,35.430,35.320,35.520,35.426,5.9390,5.469e-03,2.450e+00,6.244e-01,5
INT8,LUT,"U(-1,1)",2048,7168,7168,64x128x16_w4_v12,31.320,31.210,31.520,31.354,6.7200,5.469e-03,2.450e+00,6.244e-01,5
INT8,LUT,"U(-1,1)",2048,7168,7168,128x256x16_w8_v12,26.480,26.300,26.580,26.462,7.9480,5.469e-03,2.450e+00,6.244e-01,5
INT8,LUT,"U(-1,1)",2048,7168,7168,64x256x16_w8_v12,33.780,33.570,34.190,33.858,6.2300,5.469e-03,2.450e+00,6.244e-01,5
INT8,LUT,"U(-1,1)",2048,7168,7168,128x128x32_w4_v12,35.140,34.770,35.460,35.058,5.9890,5.469e-03,2.450e+00,6.244e-01,5
INT8,LUT,"U(-1,1)",2048,7168,7168,64x128x32_w4_v12,32.280,31.810,32.390,32.174,6.5200,5.469e-03,2.450e+00,6.244e-01,5
INT8,LUT,"U(-1,1)",2048,7168,7168,32x128x16_w4_v12,7.180,7.130,7.280,7.194,29.3170,5.469e-03,2.450e+00,6.244e-01,5
INT8,LUT,"U(-1,1)",2048,7168,7168,32x256x16_w8_v12,22.310,22.280,22.340,22.310,9.4330,5.469e-03,2.450e+00,6.244e-01,5
INT8,LUT,"U(-1,1)",2048,7168,7168,64x128x16_w2f4_v12,12.050,11.880,12.220,12.062,17.4680,5.469e-03,2.450e+00,6.244e-01,5
INT8,LUT,"U(-1,1)",2048,7168,7168,64x256x16_w4f4_v12,29.640,29.590,29.670,29.638,7.1010,5.469e-03,2.450e+00,6.244e-01,5
INT8,LUT,"U(-1,1)",2048,7168,7168,128x128x16_w4_v12_ms3,39.130,38.880,39.170,39.086,5.3790,5.469e-03,2.450e+00,6.244e-01,5
INT8,LUT,"U(-1,1)",2048,7168,7168,64x128x16_w4_v12_ms3,17.530,17.230,18.090,17.628,12.0050,5.469e-03,2.450e+00,6.244e-01,5
INT8,LUT,"U(-1,1)",2048,7168,7168,128x256x16_w8_v12_ms3,37.020,36.950,37.180,37.036,5.6850,5.469e-03,2.450e+00,6.244e-01,5
INT8,LUT,"U(-1,1)",2048,7168,7168,64x256x16_w8_v12_ms3,30.030,26.890,31.970,29.638,7.0090,5.469e-03,2.450e+00,6.244e-01,5
INT8,LUT,"U(-1,1)",2048,7168,7168,128x128x32_w4_v12_ms3,35.560,35.100,35.650,35.444,5.9180,5.469e-03,2.450e+00,6.244e-01,5
INT8,LUT,"U(-1,1)",2048,7168,7168,64x128x32_w4_v12_ms3,30.170,30.020,30.250,30.158,6.9740,5.469e-03,2.450e+00,6.244e-01,5
INT8,LUT,"U(-1,1)",2048,7168,7168,64x256x16_w4f4_v12_ms3,32.150,32.000,32.200,32.134,6.5460,5.469e-03,2.450e+00,6.244e-01,5
INT8,LUT,"U(-1,1)",2048,7168,7168,64x128x16_w2f4_v12_ms3,9.990,9.910,10.020,9.978,21.0750,5.469e-03,2.450e+00,6.244e-01,5
INT8,LUT,"U(-1,1)",2048,7168,7168,192x128x16_w4_v12_ms3_NEG,34.780,34.770,34.870,34.802,6.0500,5.469e-03,2.450e+00,6.244e-01,5
INT8,LUT,"U(-1,1)",2048,7168,7168,256x128x16_w4_v12_ms3_NEG,32.220,32.150,32.250,32.206,6.5330,5.469e-03,2.450e+00,6.244e-01,5
INT8,LUT,"U(-1,1)",2048,7168,7168,64x128x16_w4_v12s_ks1,31.350,31.210,31.450,31.338,6.7130,5.469e-03,2.450e+00,6.244e-01,5
INT8,LUT,"U(-1,1)",2048,7168,7168,64x128x16_w4_v12s_ks2,16.850,16.670,16.930,16.818,12.4890,4.093e-03,1.406e+00,3.980e-01,5
INT8,LUT,"U(-1,1)",2048,7168,7168,64x128x16_w4_v12s_ks4,24.960,24.790,26.630,25.568,8.4310,2.997e-03,7.989e-01,2.594e-01,5
INT8,LUT,"U(-1,1)",2048,7168,7168,64x128x16_w4_v12s_ks8,27.120,27.020,27.170,27.106,7.7590,2.173e-03,4.662e-01,1.693e-01,5
INT8,LUT,"U(-1,1)",2048,7168,7168,64x128x16_w4_v12s_ks16,23.150,23.030,23.200,23.134,9.0910,1.563e-03,2.956e-01,1.173e-01,5
INT8,LUT,"U(-1,1)",2048,7168,7168,64x128x32_w4_v12s_ks2,33.020,32.930,33.230,33.070,6.3740,4.093e-03,1.406e+00,3.980e-01,5
INT8,LUT,"U(-1,1)",2048,7168,7168,64x128x32_w4_v12s_ks4,30.250,30.200,30.360,30.270,6.9560,2.997e-03,7.989e-01,2.594e-01,5
INT8,LUT,"U(-1,1)",2048,7168,7168,64x128x32_w4_v12s_ks8,29.010,29.010,29.110,29.040,7.2540,2.173e-03,4.662e-01,1.693e-01,5
INT8,LUT,"U(-1,1)",2048,7168,7168,64x128x16_w4_v12s_ks3,20.740,20.120,21.560,20.814,10.1470,3.417e-03,9.797e-01,3.010e-01,5
INT8,LUT,"U(-1,1)",2048,7168,7168,64x128x16_w4_v12s_ks5,22.220,21.580,23.620,22.468,9.4730,2.705e-03,6.488e-01,2.263e-01,5
INT8,LUT,"U(-1,1)",2048,7168,7168,128x128x16_w4_v12s_ks2,34.110,34.040,34.150,34.106,6.1690,4.093e-03,1.406e+00,3.980e-01,5
INT8,LUT,"U(-1,1)",2048,7168,7168,128x128x16_w4_v12s_ks4,33.220,33.190,33.380,33.252,6.3350,2.997e-03,7.989e-01,2.594e-01,5
INT8,LUT,"U(-1,1)",2048,7168,7168,128x128x32_w4_v10s_ks1,29.020,29.010,29.060,29.028,7.2510,2.594e-04,3.975e-02,1.811e-02,5
INT8,LUT,"U(-1,1)",2048,7168,7168,128x128x32_w4_v10s_ks2,28.080,28.020,28.260,28.110,7.4950,2.594e-04,3.972e-02,1.811e-02,5
INT8,LUT,"U(-1,1)",2048,7168,7168,128x128x32_w4_v10s_ks4,28.050,27.970,28.200,28.054,7.5040,2.593e-04,3.973e-02,1.812e-02,5
INT8,LUT,"U(-1,1)",2048,7168,7168,128x128x32_w4_v10s_ks8,26.240,26.210,26.300,26.250,8.0220,2.593e-04,3.973e-02,1.810e-02,5
INT8,LUT,"U(-1,1)",2048,7168,7168,64x128x32_w4_v10s_ks2,28.580,28.550,28.750,28.618,7.3630,2.594e-04,3.972e-02,1.811e-02,5
INT8,LUT,"U(-1,1)",2048,7168,7168,64x128x32_w4_v10s_ks4,27.170,27.010,27.220,27.138,7.7470,2.593e-04,3.973e-02,1.812e-02,5
INT8,LUT,"U(-1,1)",2048,7168,7168,64x128x32_w4_v10s_ks8,25.220,25.080,25.280,25.192,8.3430,2.593e-04,3.973e-02,1.810e-02,5
INT8,LUT,"U(-1,1)",2048,7168,7168,64x64x32_w4_v10s_ks2,18.890,18.830,19.020,18.900,11.1440,2.594e-04,3.972e-02,1.811e-02,5
INT8,LUT,"U(-1,1)",2048,7168,7168,64x64x32_w4_v10s_ks4,18.930,18.800,18.960,18.904,11.1190,2.593e-04,3.973e-02,1.812e-02,5
INT8,LUT,"U(-1,1)",2048,7168,7168,64x64x32_w4_v10s_ks8,18.420,18.380,18.530,18.434,11.4230,2.593e-04,3.973e-02,1.810e-02,5
INT8,LUT,"U(-1,1)",2048,7168,7168,64x256x32_w8_v10s_ks2,27.340,27.170,27.530,27.336,7.6990,2.594e-04,3.972e-02,1.811e-02,5
INT8,LUT,"U(-1,1)",2048,7168,7168,64x256x32_w8_v10s_ks4,27.460,27.450,27.510,27.468,7.6650,2.593e-04,3.973e-02,1.812e-02,5
INT8,LUT,"U(-1,1)",2048,7168,7168,128x128x32_cutlass_p1,85.180,84.830,85.430,85.194,2.4710,2.594e-04,3.975e-02,1.811e-02,5
INT8,BITSHIFT,"U(-1,1)",2048,7168,7168,128x128x32_cutlass_p1,84.630,84.400,85.540,84.764,2.4870,2.594e-04,3.975e-02,1.811e-02,5
INT8,LUT,"U(-1,1)",2048,7168,7168,64x128x32_cutlass_p1,65.450,64.490,66.270,65.506,3.2160,2.594e-04,3.975e-02,1.811e-02,5
INT8,BITSHIFT,"U(-1,1)",2048,7168,7168,64x128x32_cutlass_p1,65.520,64.190,65.840,65.220,3.2120,2.594e-04,3.975e-02,1.811e-02,5
INT8,LUT,"U(-1,1)",2048,7168,7168,128x64x32_cutlass_p1,64.040,63.260,66.230,64.262,3.2870,2.594e-04,3.975e-02,1.811e-02,5
INT8,BITSHIFT,"U(-1,1)",2048,7168,7168,128x64x32_cutlass_p1,64.040,62.670,65.350,64.262,3.2860,2.594e-04,3.975e-02,1.811e-02,5
INT8,LUT,"U(-1,1)",64,7168,7168,16x64x32_w4,3.730,3.570,4.020,3.756,1.7610,2.596e-04,3.949e-02,1.861e-02,5
INT8,BITSHIFT,"U(-1,1)",64,7168,7168,16x64x32_w4,3.230,3.120,3.530,3.280,2.0380,1.849e-04,2.502e-02,1.358e-02,5
INT8,LUT,"U(-1,1)",64,7168,7168,16x128x32_w8,3.630,3.540,3.920,3.682,1.8110,2.596e-04,3.949e-02,1.861e-02,5
INT8,BITSHIFT,"U(-1,1)",64,7168,7168,16x128x32_w8,3.270,3.040,3.430,3.260,2.0090,1.849e-04,2.502e-02,1.358e-02,5
INT8,LUT,"U(-1,1)",64,7168,7168,16x128x32_w4f2,2.500,2.320,2.540,2.464,2.6270,2.596e-04,3.949e-02,1.861e-02,5
INT8,LUT,"U(-1,1)",64,7168,7168,16x256x32_w4f4,1.410,1.370,1.440,1.408,4.6740,2.596e-04,3.949e-02,1.861e-02,5
INT8,LUT,"U(-1,1)",64,7168,7168,128x64x32_w4_v1,2.770,2.690,2.840,2.770,2.3760,2.596e-04,3.949e-02,1.861e-02,5
INT8,LUT,"U(-1,1)",64,7168,7168,128x128x32_w4_v1,2.130,2.070,2.150,2.124,3.0840,2.596e-04,3.949e-02,1.861e-02,5
INT8,LUT,"U(-1,1)",64,7168,7168,128x256x32_w4_v1,0.900,0.890,0.910,0.902,7.2780,2.596e-04,3.949e-02,1.861e-02,5
INT8,LUT,"U(-1,1)",64,7168,7168,128x256x32_w8_v1,1.960,1.950,1.970,1.960,3.3520,2.596e-04,3.949e-02,1.861e-02,5
INT8,LUT,"U(-1,1)",64,7168,7168,64x64x32_w4_v1,3.620,3.620,3.630,3.622,1.8150,2.596e-04,3.949e-02,1.861e-02,5
INT8,LUT,"U(-1,1)",64,7168,7168,64x128x32_w4_v1,2.320,2.320,2.330,2.322,2.8320,2.596e-04,3.949e-02,1.861e-02,5
INT8,LUT,"U(-1,1)",64,7168,7168,128x64x32_w4_v2,4.870,4.860,4.880,4.868,1.3520,2.596e-04,3.949e-02,1.861e-02,5
INT8,LUT,"U(-1,1)",64,7168,7168,128x128x32_w4_v2,5.280,5.270,5.290,5.278,1.2470,2.596e-04,3.949e-02,1.861e-02,5
INT8,LUT,"U(-1,1)",64,7168,7168,128x256x32_w4_v2,2.810,2.800,2.820,2.808,2.3410,2.596e-04,3.949e-02,1.861e-02,5
INT8,LUT,"U(-1,1)",64,7168,7168,128x256x32_w8_v2,4.460,4.460,4.480,4.466,1.4740,2.596e-04,3.949e-02,1.861e-02,5
INT8,LUT,"U(-1,1)",64,7168,7168,64x64x32_w4_v2,7.460,7.400,7.500,7.456,0.8810,2.596e-04,3.949e-02,1.861e-02,5
INT8,LUT,"U(-1,1)",64,7168,7168,64x128x32_w4_v2,7.060,7.050,7.080,7.062,0.9320,2.596e-04,3.949e-02,1.861e-02,5
INT8,LUT,"U(-1,1)",64,7168,7168,128x64x32_w4_v3,7.100,7.090,7.120,7.102,0.9260,2.596e-04,3.949e-02,1.861e-02,5
INT8,LUT,"U(-1,1)",64,7168,7168,128x128x32_w4_v3,7.450,7.440,7.460,7.448,0.8830,2.596e-04,3.949e-02,1.861e-02,5
INT8,LUT,"U(-1,1)",64,7168,7168,64x64x32_w4_v3,10.680,10.520,10.700,10.654,0.6160,2.596e-04,3.949e-02,1.861e-02,5
INT8,LUT,"U(-1,1)",64,7168,7168,64x128x32_w4_v3,9.900,9.890,9.920,9.904,0.6640,2.596e-04,3.949e-02,1.861e-02,5
INT8,LUT,"U(-1,1)",64,7168,7168,32x128x32_w4_v3_b1,10.450,10.430,10.480,10.450,0.6300,2.596e-04,3.949e-02,1.861e-02,5
INT8,LUT,"U(-1,1)",64,7168,7168,32x64x32_w4_v3_b1,12.400,12.360,12.440,12.402,0.5300,2.596e-04,3.949e-02,1.861e-02,5
INT8,LUT,"U(-1,1)",64,7168,7168,32x256x32_w8_v3_b1,9.410,9.400,9.430,9.410,0.6990,2.596e-04,3.949e-02,1.861e-02,5
INT8,LUT,"U(-1,1)",64,7168,7168,128x128x32_w8_v3_b1alt,6.380,6.380,6.390,6.384,1.0310,2.596e-04,3.949e-02,1.861e-02,5
INT8,LUT,"U(-1,1)",64,7168,7168,64x128x32_w8_v3_b1alt,8.800,8.790,8.810,8.800,0.7470,2.596e-04,3.949e-02,1.861e-02,5
INT8,LUT,"U(-1,1)",64,7168,7168,128x64x32_w4_v4,6.840,6.840,6.850,6.844,0.9620,2.596e-04,3.949e-02,1.861e-02,5
INT8,LUT,"U(-1,1)",64,7168,7168,128x128x32_w4_v4,7.440,7.440,7.450,7.442,0.8840,2.596e-04,3.949e-02,1.861e-02,5
INT8,LUT,"U(-1,1)",64,7168,7168,64x64x32_w4_v4,10.580,10.560,10.580,10.574,0.6220,2.596e-04,3.949e-02,1.861e-02,5
INT8,LUT,"U(-1,1)",64,7168,7168,64x128x32_w4_v4,9.840,9.830,9.870,9.846,0.6680,2.596e-04,3.949e-02,1.861e-02,5
INT8,LUT,"U(-1,1)",64,7168,7168,128x64x32_w4_v5,6.880,6.870,6.900,6.884,0.9550,2.596e-04,3.949e-02,1.861e-02,5
INT8,LUT,"U(-1,1)",64,7168,7168,128x128x32_w4_v5,7.400,7.390,7.410,7.402,0.8890,2.596e-04,3.949e-02,1.861e-02,5
INT8,LUT,"U(-1,1)",64,7168,7168,64x64x32_w4_v5,10.510,10.480,10.540,10.506,0.6260,2.596e-04,3.949e-02,1.861e-02,5
INT8,LUT,"U(-1,1)",64,7168,7168,64x128x32_w4_v5,9.840,9.820,9.870,9.840,0.6680,2.596e-04,3.949e-02,1.861e-02,5
INT8,LUT,"U(-1,1)",64,7168,7168,128x128x64_w4_v6,5.570,5.560,5.580,5.572,1.1810,2.596e-04,3.949e-02,1.861e-02,5
INT8,LUT,"U(-1,1)",64,7168,7168,128x64x64_w4_v6,4.190,4.180,4.200,4.188,1.5710,2.596e-04,3.949e-02,1.861e-02,5
INT8,LUT,"U(-1,1)",64,7168,7168,64x128x64_w4_v6,7.970,7.960,8.000,7.974,0.8250,2.596e-04,3.949e-02,1.861e-02,5
INT8,LUT,"U(-1,1)",64,7168,7168,64x64x64_w4_v6,7.390,7.380,7.400,7.390,0.8900,2.596e-04,3.949e-02,1.861e-02,5
INT8,LUT,"U(-1,1)",64,7168,7168,64x128x32_w4_v7,9.930,9.900,9.940,9.924,0.6620,2.596e-04,3.949e-02,1.861e-02,5
INT8,LUT,"U(-1,1)",64,7168,7168,64x64x32_w4_v7,10.830,10.600,10.880,10.792,0.6070,2.596e-04,3.949e-02,1.861e-02,5
INT8,LUT,"U(-1,1)",64,7168,7168,32x128x32_w4_v7,10.430,10.390,10.460,10.428,0.6310,2.596e-04,3.949e-02,1.861e-02,5
INT8,LUT,"U(-1,1)",64,7168,7168,32x64x32_w4_v7,12.110,12.100,12.160,12.120,0.5430,2.596e-04,3.949e-02,1.861e-02,5
INT8,LUT,"U(-1,1)",64,7168,7168,128x64x32_w4_v8,7.130,7.100,7.130,7.120,0.9230,5.469e-03,2.259e+00,6.036e-01,5
INT8,LUT,"U(-1,1)",64,7168,7168,128x128x32_w4_v8,7.530,7.460,7.600,7.532,0.8730,5.469e-03,2.259e+00,6.036e-01,5
INT8,LUT,"U(-1,1)",64,7168,7168,64x64x32_w4_v8,11.050,11.050,11.060,11.052,0.5950,5.469e-03,2.259e+00,6.036e-01,5
INT8,LUT,"U(-1,1)",64,7168,7168,64x128x32_w4_v8,9.950,9.910,10.000,9.954,0.6610,5.469e-03,2.259e+00,6.036e-01,5
INT8,LUT,"U(-1,1)",64,7168,7168,32x128x32_w4_v8,10.210,10.200,10.240,10.214,0.6440,5.469e-03,2.259e+00,6.036e-01,5
INT8,LUT,"U(-1,1)",64,7168,7168,32x64x32_w4_v8,12.280,12.250,12.300,12.274,0.5360,5.469e-03,2.259e+00,6.036e-01,5
INT8,LUT,"U(-1,1)",64,7168,7168,128x128x32_w4_v9_ck2,7.080,7.050,7.100,7.076,0.9290,7.099e-01,1.770e+02,9.159e+01,5
INT8,LUT,"U(-1,1)",64,7168,7168,128x128x32_w4_v9_ck4,7.390,7.380,7.390,7.386,0.8900,7.100e-01,1.770e+02,9.157e+01,5
INT8,LUT,"U(-1,1)",64,7168,7168,128x128x32_w4_v9_ck8,7.430,7.430,7.450,7.436,0.8850,7.101e-01,1.770e+02,9.158e+01,5
INT8,LUT,"U(-1,1)",64,7168,7168,64x128x32_w4_v9_ck4,9.770,9.750,9.810,9.778,0.6730,7.100e-01,1.770e+02,9.157e+01,5
INT8,LUT,"U(-1,1)",64,7168,7168,64x64x32_w4_v9_ck4,10.930,10.910,10.940,10.926,0.6020,7.100e-01,1.770e+02,9.157e+01,5
INT8,LUT,"U(-1,1)",64,7168,7168,128x128x32_w4_v10,7.500,7.480,7.550,7.506,0.8770,2.596e-04,3.949e-02,1.861e-02,5
INT8,LUT,"U(-1,1)",64,7168,7168,128x64x32_w4_v10,7.010,7.000,7.030,7.014,0.9380,2.596e-04,3.949e-02,1.861e-02,5
INT8,LUT,"U(-1,1)",64,7168,7168,64x128x32_w4_v10,10.130,10.090,10.150,10.124,0.6490,2.596e-04,3.949e-02,1.861e-02,5
INT8,LUT,"U(-1,1)",64,7168,7168,64x64x32_w4_v10,11.010,10.990,11.040,11.012,0.5980,2.596e-04,3.949e-02,1.861e-02,5
INT8,LUT,"U(-1,1)",64,7168,7168,64x256x32_w8_v10,6.940,6.930,6.950,6.938,0.9480,2.596e-04,3.949e-02,1.861e-02,5
INT8,LUT,"U(-1,1)",64,7168,7168,128x128x32_w4_v11,8.630,8.610,8.660,8.634,0.7620,2.596e-04,3.949e-02,1.861e-02,5
INT8,LUT,"U(-1,1)",64,7168,7168,64x128x32_w4_v11,11.660,11.610,11.690,11.652,0.5640,2.596e-04,3.949e-02,1.861e-02,5
INT8,LUT,"U(-1,1)",64,7168,7168,128x256x32_w8_v11,3.270,3.260,3.270,3.266,2.0120,2.596e-04,3.949e-02,1.861e-02,5
INT8,LUT,"U(-1,1)",64,7168,7168,64x256x32_w8_v11,7.890,7.890,7.920,7.898,0.8330,2.596e-04,3.949e-02,1.861e-02,5
INT8,LUT,"U(-1,1)",64,7168,7168,128x128x16_w4_v11,7.550,7.530,7.600,7.556,0.8720,2.596e-04,3.949e-02,1.861e-02,5
INT8,LUT,"U(-1,1)",64,7168,7168,64x128x16_w4_v11,7.420,7.400,7.420,7.416,0.8870,2.596e-04,3.949e-02,1.861e-02,5
INT8,LUT,"U(-1,1)",64,7168,7168,128x256x16_w8_v11,3.160,3.120,3.170,3.154,2.0800,2.596e-04,3.949e-02,1.861e-02,5
INT8,LUT,"U(-1,1)",64,7168,7168,64x256x16_w8_v11,7.410,7.400,7.420,7.410,0.8880,2.596e-04,3.949e-02,1.861e-02,5
INT8,LUT,"U(-1,1)",64,7168,7168,64x256x16_w4f4_v11,6.050,6.050,6.060,6.054,1.0870,2.596e-04,3.949e-02,1.861e-02,5
INT8,LUT,"U(-1,1)",64,7168,7168,128x256x16_w4f4_v11,3.200,3.190,3.200,3.196,2.0580,2.596e-04,3.949e-02,1.861e-02,5
INT8,LUT,"U(-1,1)",64,7168,7168,32x128x16_w4_v11,11.010,10.960,11.030,11.004,0.5970,2.596e-04,3.949e-02,1.861e-02,5
INT8,LUT,"U(-1,1)",64,7168,7168,32x256x16_w8_v11,9.840,9.830,9.870,9.844,0.6680,2.596e-04,3.949e-02,1.861e-02,5
INT8,LUT,"U(-1,1)",64,7168,7168,32x128x32_w4_v11,12.960,12.870,13.020,12.948,0.5070,2.596e-04,3.949e-02,1.861e-02,5
INT8,LUT,"U(-1,1)",64,7168,7168,192x128x16_w4_v11,5.570,5.570,5.580,5.572,1.1810,2.596e-04,3.949e-02,1.861e-02,5
INT8,LUT,"U(-1,1)",64,7168,7168,256x128x16_w4_v11,2.790,2.780,2.790,2.786,2.3590,2.596e-04,3.949e-02,1.861e-02,5
INT8,LUT,"U(-1,1)",64,7168,7168,64x128x16_w2f4_v11,7.480,7.470,7.520,7.486,0.8790,2.596e-04,3.949e-02,1.861e-02,5
INT8,LUT,"U(-1,1)",64,7168,7168,64x128x32_w2f4_v11,8.360,8.350,8.400,8.366,0.7860,2.596e-04,3.949e-02,1.861e-02,5
INT8,LUT,"U(-1,1)",64,7168,7168,32x128x16_w2f4_v11,7.470,7.400,7.560,7.468,0.8800,2.596e-04,3.949e-02,1.861e-02,5
INT8,LUT,"U(-1,1)",64,7168,7168,128x128x16_w4_v12,7.460,7.460,7.460,7.460,0.8820,5.469e-03,2.259e+00,6.036e-01,5
INT8,LUT,"U(-1,1)",64,7168,7168,64x128x16_w4_v12,7.430,7.420,7.430,7.426,0.8860,5.469e-03,2.259e+00,6.036e-01,5
INT8,LUT,"U(-1,1)",64,7168,7168,128x256x16_w8_v12,5.960,5.960,5.970,5.962,1.1030,5.469e-03,2.259e+00,6.036e-01,5
INT8,LUT,"U(-1,1)",64,7168,7168,64x256x16_w8_v12,7.360,7.350,7.370,7.360,0.8930,5.469e-03,2.259e+00,6.036e-01,5
INT8,LUT,"U(-1,1)",64,7168,7168,128x128x32_w4_v12,8.840,8.830,8.860,8.844,0.7440,5.469e-03,2.259e+00,6.036e-01,5
INT8,LUT,"U(-1,1)",64,7168,7168,64x128x32_w4_v12,12.190,12.150,12.250,12.194,0.5390,5.469e-03,2.259e+00,6.036e-01,5
INT8,LUT,"U(-1,1)",64,7168,7168,32x128x16_w4_v12,10.580,10.530,10.600,10.574,0.6220,5.469e-03,2.259e+00,6.036e-01,5
INT8,LUT,"U(-1,1)",64,7168,7168,32x256x16_w8_v12,9.870,9.850,9.880,9.870,0.6660,5.469e-03,2.259e+00,6.036e-01,5
INT8,LUT,"U(-1,1)",64,7168,7168,64x128x16_w2f4_v12,7.440,7.440,7.460,7.446,0.8840,5.469e-03,2.259e+00,6.036e-01,5
INT8,LUT,"U(-1,1)",64,7168,7168,64x256x16_w4f4_v12,5.980,5.980,5.990,5.982,1.1000,5.469e-03,2.259e+00,6.036e-01,5
INT8,LUT,"U(-1,1)",64,7168,7168,128x128x16_w4_v12_ms3,11.840,11.830,11.860,11.842,0.5560,5.469e-03,2.259e+00,6.036e-01,5
INT8,LUT,"U(-1,1)",64,7168,7168,64x128x16_w4_v12_ms3,14.740,14.640,14.780,14.720,0.4460,5.469e-03,2.259e+00,6.036e-01,5
INT8,LUT,"U(-1,1)",64,7168,7168,128x256x16_w8_v12_ms3,7.610,7.600,7.620,7.608,0.8650,5.469e-03,2.259e+00,6.036e-01,5
INT8,LUT,"U(-1,1)",64,7168,7168,64x256x16_w8_v12_ms3,9.690,9.680,9.700,9.692,0.6790,5.469e-03,2.259e+00,6.036e-01,5
INT8,LUT,"U(-1,1)",64,7168,7168,128x128x32_w4_v12_ms3,10.220,10.210,10.220,10.218,0.6440,5.469e-03,2.259e+00,6.036e-01,5
INT8,LUT,"U(-1,1)",64,7168,7168,64x128x32_w4_v12_ms3,15.740,15.710,15.750,15.734,0.4180,5.469e-03,2.259e+00,6.036e-01,5
INT8,LUT,"U(-1,1)",64,7168,7168,64x256x16_w4f4_v12_ms3,9.150,9.130,9.170,9.152,0.7190,5.469e-03,2.259e+00,6.036e-01,5
INT8,LUT,"U(-1,1)",64,7168,7168,64x128x16_w2f4_v12_ms3,11.700,11.650,11.720,11.692,0.5620,5.469e-03,2.259e+00,6.036e-01,5
INT8,LUT,"U(-1,1)",64,7168,7168,192x128x16_w4_v12_ms3_NEG,9.720,9.710,9.730,9.720,0.6760,5.469e-03,2.259e+00,6.036e-01,5
INT8,LUT,"U(-1,1)",64,7168,7168,256x128x16_w4_v12_ms3_NEG,7.400,7.390,7.400,7.396,0.8890,5.469e-03,2.259e+00,6.036e-01,5
INT8,LUT,"U(-1,1)",64,7168,7168,64x128x16_w4_v12s_ks1,7.430,7.420,7.430,7.428,0.8850,5.469e-03,2.259e+00,6.036e-01,5
INT8,LUT,"U(-1,1)",64,7168,7168,64x128x16_w4_v12s_ks2,13.320,13.200,13.420,13.312,0.4940,4.090e-03,1.102e+00,3.871e-01,5
INT8,LUT,"U(-1,1)",64,7168,7168,64x128x16_w4_v12s_ks4,11.040,10.910,11.130,11.030,0.5960,2.998e-03,6.070e-01,2.517e-01,5
INT8,LUT,"U(-1,1)",64,7168,7168,64x128x16_w4_v12s_ks8,10.040,10.010,10.050,10.034,0.6550,2.176e-03,3.511e-01,1.731e-01,5
INT8,LUT,"U(-1,1)",64,7168,7168,64x128x16_w4_v12s_ks16,12.730,12.660,12.740,12.708,0.5160,1.566e-03,2.650e-01,1.189e-01,5
INT8,LUT,"U(-1,1)",64,7168,7168,64x128x32_w4_v12s_ks2,19.320,19.250,19.410,19.328,0.3400,4.090e-03,1.102e+00,3.871e-01,5
INT8,LUT,"U(-1,1)",64,7168,7168,64x128x32_w4_v12s_ks4,19.080,18.850,19.170,19.046,0.3450,2.998e-03,6.070e-01,2.517e-01,5
INT8,LUT,"U(-1,1)",64,7168,7168,64x128x32_w4_v12s_ks8,21.410,21.380,21.550,21.436,0.3070,2.176e-03,3.511e-01,1.731e-01,5
INT8,LUT,"U(-1,1)",64,7168,7168,64x128x16_w4_v12s_ks3,12.950,12.840,12.980,12.940,0.5080,3.415e-03,8.631e-01,2.919e-01,5
INT8,LUT,"U(-1,1)",64,7168,7168,64x128x16_w4_v12s_ks5,9.310,9.270,9.320,9.302,0.7060,2.705e-03,5.588e-01,2.207e-01,5
INT8,LUT,"U(-1,1)",64,7168,7168,128x128x16_w4_v12s_ks2,14.260,14.240,14.270,14.254,0.4610,4.090e-03,1.102e+00,3.871e-01,5
INT8,LUT,"U(-1,1)",64,7168,7168,128x128x16_w4_v12s_ks4,12.120,12.080,12.220,12.132,0.5430,2.998e-03,6.070e-01,2.517e-01,5
INT8,LUT,"U(-1,1)",64,7168,7168,128x128x32_w4_v10s_ks1,7.490,7.480,7.500,7.490,0.8780,2.596e-04,3.949e-02,1.861e-02,5
INT8,LUT,"U(-1,1)",64,7168,7168,128x128x32_w4_v10s_ks2,11.130,11.070,11.150,11.120,0.5910,2.596e-04,3.950e-02,1.862e-02,5
INT8,LUT,"U(-1,1)",64,7168,7168,128x128x32_w4_v10s_ks4,11.010,10.990,11.030,11.008,0.5970,2.596e-04,3.953e-02,1.863e-02,5
INT8,LUT,"U(-1,1)",64,7168,7168,128x128x32_w4_v10s_ks8,13.950,13.910,13.960,13.940,0.4720,2.596e-04,3.949e-02,1.866e-02,5
INT8,LUT,"U(-1,1)",64,7168,7168,64x128x32_w4_v10s_ks2,15.690,15.620,15.710,15.672,0.4190,2.596e-04,3.950e-02,1.862e-02,5
INT8,LUT,"U(-1,1)",64,7168,7168,64x128x32_w4_v10s_ks4,18.200,18.060,18.230,18.162,0.3610,2.596e-04,3.953e-02,1.863e-02,5
INT8,LUT,"U(-1,1)",64,7168,7168,64x128x32_w4_v10s_ks8,20.410,20.370,20.480,20.422,0.3220,2.596e-04,3.949e-02,1.866e-02,5
INT8,LUT,"U(-1,1)",64,7168,7168,64x64x32_w4_v10s_ks2,16.510,16.500,16.530,16.516,0.3980,2.596e-04,3.950e-02,1.862e-02,5
INT8,LUT,"U(-1,1)",64,7168,7168,64x64x32_w4_v10s_ks4,14.380,14.230,14.490,14.372,0.4570,2.596e-04,3.953e-02,1.863e-02,5
INT8,LUT,"U(-1,1)",64,7168,7168,64x64x32_w4_v10s_ks8,15.450,15.390,15.670,15.510,0.4260,2.596e-04,3.949e-02,1.866e-02,5
INT8,LUT,"U(-1,1)",64,7168,7168,64x256x32_w8_v10s_ks2,13.190,13.160,13.240,13.202,0.4990,2.596e-04,3.950e-02,1.862e-02,5
INT8,LUT,"U(-1,1)",64,7168,7168,64x256x32_w8_v10s_ks4,15.860,15.670,15.990,15.850,0.4150,2.596e-04,3.953e-02,1.863e-02,5
INT8,LUT,"U(-1,1)",64,7168,7168,128x128x32_cutlass_p1,16.210,15.660,16.600,16.178,0.4060,2.596e-04,3.949e-02,1.861e-02,5
INT8,BITSHIFT,"U(-1,1)",64,7168,7168,128x128x32_cutlass_p1,16.030,15.930,16.170,16.048,0.4100,2.596e-04,3.949e-02,1.861e-02,5
INT8,LUT,"U(-1,1)",64,7168,7168,64x128x32_cutlass_p1,16.600,15.840,16.660,16.444,0.3960,2.596e-04,3.949e-02,1.861e-02,5
INT8,BITSHIFT,"U(-1,1)",64,7168,7168,64x128x32_cutlass_p1,16.190,16.060,16.370,16.214,0.4060,2.596e-04,3.949e-02,1.861e-02,5
INT8,LUT,"U(-1,1)",64,7168,7168,128x64x32_cutlass_p1,16.410,16.000,16.680,16.376,0.4010,2.596e-04,3.949e-02,1.861e-02,5
INT8,BITSHIFT,"U(-1,1)",64,7168,7168,128x64x32_cutlass_p1,16.890,15.970,16.970,16.734,0.3890,2.596e-04,3.949e-02,1.861e-02,5
INT4,LUT,"U(-1,1)",2048,7168,7168,16x64x32_w4,5.160,5.140,5.170,5.158,40.7600,2.555e-04,3.901e-02,1.858e-02,5
INT4,BITSHIFT,"U(-1,1)",2048,7168,7168,16x64x32_w4,3.680,3.670,3.700,3.682,57.1750,1.860e-04,2.781e-02,1.348e-02,5
INT4,LUT,"U(-1,1)",2048,7168,7168,16x128x32_w8,5.080,5.050,5.090,5.072,41.4350,2.555e-04,3.901e-02,1.858e-02,5
INT4,BITSHIFT,"U(-1,1)",2048,7168,7168,16x128x32_w8,3.640,3.630,3.670,3.646,57.8810,1.860e-04,2.781e-02,1.348e-02,5
INT4,LUT,"U(-1,1)",2048,7168,7168,128x64x32_w4_v2,18.790,18.670,18.900,18.788,11.2020,2.555e-04,3.901e-02,1.858e-02,5
INT4,LUT,"U(-1,1)",2048,7168,7168,64x64x32_w4_v2,14.640,14.620,14.700,14.656,14.3750,2.555e-04,3.901e-02,1.858e-02,5
INT4,LUT,"U(-1,1)",2048,7168,7168,128x64x32_w4_v3,16.630,16.630,16.660,16.638,12.6530,2.555e-04,3.901e-02,1.858e-02,5
INT4,LUT,"U(-1,1)",2048,7168,7168,64x64x32_w4_v3,17.780,17.770,17.820,17.790,11.8350,2.555e-04,3.901e-02,1.858e-02,5
INT4,LUT,"U(-1,1)",2048,7168,7168,32x64x32_w4_v3_b1,12.570,12.560,12.660,12.586,16.7460,2.555e-04,3.901e-02,1.858e-02,5
INT4,LUT,"U(-1,1)",2048,7168,7168,128x64x32_w4_v4,16.470,16.440,16.580,16.492,12.7780,2.555e-04,3.901e-02,1.858e-02,5
INT4,LUT,"U(-1,1)",2048,7168,7168,64x64x32_w4_v4,16.910,16.910,16.930,16.914,12.4440,2.555e-04,3.901e-02,1.858e-02,5
INT4,LUT,"U(-1,1)",2048,7168,7168,128x64x32_w4_v5,11.920,11.920,11.930,11.922,17.6520,2.555e-04,3.901e-02,1.858e-02,5
INT4,LUT,"U(-1,1)",2048,7168,7168,64x64x32_w4_v5,8.940,8.940,8.940,8.940,23.5380,2.555e-04,3.901e-02,1.858e-02,5
INT4,LUT,"U(-1,1)",2048,7168,7168,128x64x32_w4_v3s_ks2,17.420,17.410,17.440,17.422,12.0800,2.555e-04,3.903e-02,1.854e-02,5
INT4,LUT,"U(-1,1)",2048,7168,7168,128x64x32_w4_v3s_ks4,16.930,16.930,16.940,16.934,12.4280,2.555e-04,3.901e-02,1.852e-02,5
INT4,LUT,"U(-1,1)",2048,7168,7168,64x64x32_w4_v3s_ks2,17.380,17.370,17.390,17.378,12.1120,2.555e-04,3.903e-02,1.854e-02,5
INT4,LUT,"U(-1,1)",2048,7168,7168,64x64x32_w4_v3s_ks4,16.830,16.790,16.860,16.826,12.5020,2.555e-04,3.901e-02,1.852e-02,5
INT4,LUT,"U(-1,1)",2048,7168,7168,64x64x32_w4_v3s_ks8,16.280,16.270,16.300,16.284,12.9250,2.555e-04,3.901e-02,1.852e-02,5
INT4,LUT,"U(-1,1)",64,7168,7168,16x64x32_w4,4.200,4.190,4.210,4.198,1.5660,2.561e-04,3.466e-02,1.871e-02,5
INT4,BITSHIFT,"U(-1,1)",64,7168,7168,16x64x32_w4,3.610,3.610,3.620,3.614,1.8200,1.865e-04,2.489e-02,1.371e-02,5
INT4,LUT,"U(-1,1)",64,7168,7168,16x128x32_w8,4.080,4.060,4.090,4.080,1.6100,2.561e-04,3.466e-02,1.871e-02,5
INT4,BITSHIFT,"U(-1,1)",64,7168,7168,16x128x32_w8,3.480,3.460,3.490,3.478,1.8890,1.865e-04,2.489e-02,1.371e-02,5
INT4,LUT,"U(-1,1)",64,7168,7168,128x64x32_w4_v2,4.660,4.630,4.670,4.658,1.4100,2.561e-04,3.466e-02,1.871e-02,5
INT4,LUT,"U(-1,1)",64,7168,7168,64x64x32_w4_v2,6.510,6.470,6.520,6.504,1.0100,2.561e-04,3.466e-02,1.871e-02,5
INT4,LUT,"U(-1,1)",64,7168,7168,128x64x32_w4_v3,4.730,4.700,4.740,4.728,1.3900,2.561e-04,3.466e-02,1.871e-02,5
INT4,LUT,"U(-1,1)",64,7168,7168,64x64x32_w4_v3,6.200,6.170,6.210,6.196,1.0610,2.561e-04,3.466e-02,1.871e-02,5
INT4,LUT,"U(-1,1)",64,7168,7168,32x64x32_w4_v3_b1,6.850,6.780,6.850,6.830,0.9610,2.561e-04,3.466e-02,1.871e-02,5
INT4,LUT,"U(-1,1)",64,7168,7168,128x64x32_w4_v4,4.750,4.720,4.760,4.746,1.3840,2.561e-04,3.466e-02,1.871e-02,5
INT4,LUT,"U(-1,1)",64,7168,7168,64x64x32_w4_v4,6.270,6.250,6.270,6.266,1.0500,2.561e-04,3.466e-02,1.871e-02,5
INT4,LUT,"U(-1,1)",64,7168,7168,128x64x32_w4_v5,4.730,4.720,4.730,4.728,1.3910,2.561e-04,3.466e-02,1.871e-02,5
INT4,LUT,"U(-1,1)",64,7168,7168,64x64x32_w4_v5,6.360,6.360,6.380,6.366,1.0330,2.561e-04,3.466e-02,1.871e-02,5
INT4,LUT,"U(-1,1)",64,7168,7168,128x64x32_w4_v3s_ks2,7.960,7.950,8.000,7.968,0.8260,2.561e-04,3.466e-02,1.868e-02,5
INT4,LUT,"U(-1,1)",64,7168,7168,128x64x32_w4_v3s_ks4,7.990,7.980,8.030,7.998,0.8240,2.561e-04,3.465e-02,1.869e-02,5
INT4,LUT,"U(-1,1)",64,7168,7168,64x64x32_w4_v3s_ks2,11.060,11.000,11.130,11.066,0.5940,2.561e-04,3.466e-02,1.868e-02,5
INT4,LUT,"U(-1,1)",64,7168,7168,64x64x32_w4_v3s_ks4,8.550,8.510,8.750,8.584,0.7690,2.561e-04,3.465e-02,1.869e-02,5
INT4,LUT,"U(-1,1)",64,7168,7168,64x64x32_w4_v3s_ks8,11.100,11.090,11.110,11.100,0.5930,2.561e-04,3.466e-02,1.867e-02,5
MXFP4,LUT,"U(-1,1)",2048,7168,7168,16x64x32_w4,4.830,4.830,4.840,4.832,43.5650,1.846e-04,2.631e-02,1.225e-02,5
MXFP4,BITSHIFT,"U(-1,1)",2048,7168,7168,16x64x32_w4,3.420,3.420,3.420,3.420,61.5520,1.846e-04,2.630e-02,1.226e-02,5
MXFP4,LUT,"U(-1,1)",2048,7168,7168,16x128x32_w8,4.390,4.380,4.390,4.386,47.9860,1.846e-04,2.631e-02,1.225e-02,5
MXFP4,BITSHIFT,"U(-1,1)",2048,7168,7168,16x128x32_w8,3.190,3.180,3.200,3.188,66.0670,1.846e-04,2.630e-02,1.226e-02,5
MXFP4,LUT,"U(-1,1)",2048,7168,7168,128x64x32_w4_v2,18.350,18.340,18.360,18.350,11.4700,1.846e-04,2.631e-02,1.225e-02,5
MXFP4,LUT,"U(-1,1)",2048,7168,7168,64x64x32_w4_v2,15.990,15.990,16.010,15.998,13.1580,1.846e-04,2.631e-02,1.225e-02,5
MXFP4,LUT,"U(-1,1)",2048,7168,7168,128x64x32_w4_v3,19.720,19.720,19.750,19.732,10.6710,1.846e-04,2.631e-02,1.225e-02,5
MXFP4,LUT,"U(-1,1)",2048,7168,7168,64x64x32_w4_v3,17.760,17.690,17.860,17.772,11.8520,1.846e-04,2.631e-02,1.225e-02,5
MXFP4,LUT,"U(-1,1)",2048,7168,7168,32x64x32_w4_v3_b1,15.040,15.030,15.060,15.042,13.9940,1.846e-04,2.631e-02,1.225e-02,5
MXFP4,LUT,"U(-1,1)",2048,7168,7168,128x64x32_w4_v4,19.600,19.590,19.630,19.608,10.7400,1.846e-04,2.631e-02,1.225e-02,5
MXFP4,LUT,"U(-1,1)",2048,7168,7168,64x64x32_w4_v4,19.050,19.050,19.080,19.060,11.0480,1.846e-04,2.631e-02,1.225e-02,5
MXFP4,LUT,"U(-1,1)",2048,7168,7168,128x64x32_w4_v5,15.140,15.140,15.170,15.148,13.9000,1.846e-04,2.631e-02,1.225e-02,5
MXFP4,LUT,"U(-1,1)",2048,7168,7168,64x64x32_w4_v5,12.540,12.540,12.560,12.546,16.7840,1.846e-04,2.631e-02,1.225e-02,5
MXFP4,LUT,"U(-1,1)",2048,7168,7168,128x64x32_w4_v3s_ks2,20.560,20.540,20.580,20.560,10.2380,1.846e-04,2.631e-02,1.225e-02,5
MXFP4,LUT,"U(-1,1)",2048,7168,7168,128x64x32_w4_v3s_ks4,20.000,19.990,20.030,20.006,10.5210,1.846e-04,2.631e-02,1.226e-02,5
MXFP4,LUT,"U(-1,1)",2048,7168,7168,64x64x32_w4_v3s_ks2,17.990,17.980,18.020,17.996,11.7010,1.846e-04,2.631e-02,1.225e-02,5
MXFP4,LUT,"U(-1,1)",2048,7168,7168,64x64x32_w4_v3s_ks4,18.090,18.050,18.120,18.088,11.6310,1.846e-04,2.631e-02,1.226e-02,5
MXFP4,LUT,"U(-1,1)",2048,7168,7168,64x64x32_w4_v3s_ks8,17.530,17.510,17.560,17.532,12.0080,1.846e-04,2.630e-02,1.226e-02,5
MXFP4,LUT,"U(-1,1)",64,7168,7168,16x64x32_w4,3.660,3.650,3.670,3.660,1.7980,1.850e-04,2.391e-02,1.255e-02,5
MXFP4,BITSHIFT,"U(-1,1)",64,7168,7168,16x64x32_w4,2.920,2.920,2.930,2.924,2.2510,1.850e-04,2.390e-02,1.256e-02,5
MXFP4,LUT,"U(-1,1)",64,7168,7168,16x128x32_w8,3.550,3.530,3.550,3.544,1.8530,1.850e-04,2.391e-02,1.255e-02,5
MXFP4,BITSHIFT,"U(-1,1)",64,7168,7168,16x128x32_w8,2.690,2.690,2.700,2.692,2.4460,1.850e-04,2.390e-02,1.256e-02,5
MXFP4,LUT,"U(-1,1)",64,7168,7168,128x64x32_w4_v2,4.280,4.280,4.290,4.282,1.5360,1.850e-04,2.391e-02,1.255e-02,5
MXFP4,LUT,"U(-1,1)",64,7168,7168,64x64x32_w4_v2,5.760,5.760,5.780,5.768,1.1410,1.850e-04,2.391e-02,1.255e-02,5
MXFP4,LUT,"U(-1,1)",64,7168,7168,128x64x32_w4_v3,6.200,6.200,6.220,6.206,1.0600,1.850e-04,2.391e-02,1.255e-02,5
MXFP4,LUT,"U(-1,1)",64,7168,7168,64x64x32_w4_v3,9.830,9.820,9.850,9.834,0.6690,1.850e-04,2.391e-02,1.255e-02,5
MXFP4,LUT,"U(-1,1)",64,7168,7168,32x64x32_w4_v3_b1,10.500,10.480,10.510,10.500,0.6260,1.850e-04,2.391e-02,1.255e-02,5
MXFP4,LUT,"U(-1,1)",64,7168,7168,128x64x32_w4_v4,6.210,6.200,6.220,6.212,1.0590,1.850e-04,2.391e-02,1.255e-02,5
MXFP4,LUT,"U(-1,1)",64,7168,7168,64x64x32_w4_v4,9.200,9.180,9.200,9.194,0.7150,1.850e-04,2.391e-02,1.255e-02,5
MXFP4,LUT,"U(-1,1)",64,7168,7168,128x64x32_w4_v5,6.110,6.100,6.130,6.112,1.0760,1.850e-04,2.391e-02,1.255e-02,5
MXFP4,LUT,"U(-1,1)",64,7168,7168,64x64x32_w4_v5,9.070,9.050,9.100,9.072,0.7250,1.850e-04,2.391e-02,1.255e-02,5
MXFP4,LUT,"U(-1,1)",64,7168,7168,128x64x32_w4_v3s_ks2,9.690,9.670,9.710,9.690,0.6790,1.850e-04,2.390e-02,1.255e-02,5
MXFP4,LUT,"U(-1,1)",64,7168,7168,128x64x32_w4_v3s_ks4,9.630,9.620,9.660,9.638,0.6830,1.850e-04,2.391e-02,1.256e-02,5
MXFP4,LUT,"U(-1,1)",64,7168,7168,64x64x32_w4_v3s_ks2,15.100,15.070,15.170,15.110,0.4360,1.850e-04,2.390e-02,1.255e-02,5
MXFP4,LUT,"U(-1,1)",64,7168,7168,64x64x32_w4_v3s_ks4,13.330,13.240,13.530,13.338,0.4930,1.850e-04,2.391e-02,1.256e-02,5
MXFP4,LUT,"U(-1,1)",64,7168,7168,64x64x32_w4_v3s_ks8,16.050,16.040,16.090,16.062,0.4100,1.850e-04,2.391e-02,1.256e-02,5
F8_E4M3_B128,LUT,"U(-1,1)",2048,7168,7168,16x64x32_w4,4.040,4.040,4.050,4.042,52.0740,1.846e-04,2.790e-02,1.309e-02,5
F8_E4M3_B128,BITSHIFT,"U(-1,1)",2048,7168,7168,16x64x32_w4,3.190,3.190,3.200,3.192,65.9430,1.846e-04,2.789e-02,1.309e-02,5
F8_E4M3_B128,LUT,"U(-1,1)",2048,7168,7168,16x128x32_w8,3.570,3.570,3.580,3.574,58.9240,1.846e-04,2.790e-02,1.309e-02,5
F8_E4M3_B128,BITSHIFT,"U(-1,1)",2048,7168,7168,16x128x32_w8,2.950,2.940,2.950,2.948,71.4080,1.846e-04,2.789e-02,1.309e-02,5
F8_E4M3_B128,LUT,"U(-1,1)",2048,7168,7168,128x64x32_w4_v2,12.370,12.350,12.380,12.366,17.0110,1.846e-04,2.790e-02,1.309e-02,5
F8_E4M3_B128,LUT,"U(-1,1)",2048,7168,7168,64x64x32_w4_v2,9.690,9.690,9.700,9.694,21.7150,1.846e-04,2.790e-02,1.309e-02,5
F8_E4M3_B128,LUT,"U(-1,1)",2048,7168,7168,128x64x32_w4_v3,13.940,13.940,13.960,13.946,15.0990,1.846e-04,2.790e-02,1.309e-02,5
F8_E4M3_B128,LUT,"U(-1,1)",2048,7168,7168,64x64x32_w4_v3,14.550,14.530,14.570,14.552,14.4630,1.846e-04,2.790e-02,1.309e-02,5
F8_E4M3_B128,LUT,"U(-1,1)",2048,7168,7168,32x64x32_w4_v3_b1,9.870,9.870,9.890,9.876,21.3120,1.846e-04,2.790e-02,1.309e-02,5
F8_E4M3_B128,LUT,"U(-1,1)",2048,7168,7168,128x64x32_w4_v4,13.670,13.650,13.700,13.674,15.3930,1.846e-04,2.790e-02,1.309e-02,5
F8_E4M3_B128,LUT,"U(-1,1)",2048,7168,7168,64x64x32_w4_v4,14.070,14.070,14.090,14.078,14.9580,1.846e-04,2.790e-02,1.309e-02,5
F8_E4M3_B128,LUT,"U(-1,1)",2048,7168,7168,128x64x32_w4_v5,9.830,9.830,9.860,9.838,21.4000,1.846e-04,2.790e-02,1.309e-02,5
F8_E4M3_B128,LUT,"U(-1,1)",2048,7168,7168,64x64x32_w4_v5,6.790,6.790,6.810,6.796,30.9840,1.846e-04,2.790e-02,1.309e-02,5
F8_E4M3_B128,LUT,"U(-1,1)",2048,7168,7168,128x64x32_w4_v3s_ks2,14.790,14.780,14.810,14.792,14.2340,1.846e-04,2.789e-02,1.309e-02,5
F8_E4M3_B128,LUT,"U(-1,1)",2048,7168,7168,128x64x32_w4_v3s_ks4,14.530,14.520,14.550,14.532,14.4850,1.846e-04,2.790e-02,1.309e-02,5
F8_E4M3_B128,LUT,"U(-1,1)",2048,7168,7168,64x64x32_w4_v3s_ks2,14.290,14.290,14.310,14.298,14.7250,1.846e-04,2.789e-02,1.309e-02,5
F8_E4M3_B128,LUT,"U(-1,1)",2048,7168,7168,64x64x32_w4_v3s_ks4,14.010,14.000,14.030,14.012,15.0250,1.846e-04,2.790e-02,1.309e-02,5
F8_E4M3_B128,LUT,"U(-1,1)",2048,7168,7168,64x64x32_w4_v3s_ks8,13.400,13.400,13.420,13.408,15.7040,1.846e-04,2.789e-02,1.309e-02,5
F8_E4M3_B128,LUT,"U(-1,1)",64,7168,7168,16x64x32_w4,3.020,3.020,3.030,3.024,2.1750,1.849e-04,2.472e-02,1.323e-02,5
F8_E4M3_B128,BITSHIFT,"U(-1,1)",64,7168,7168,16x64x32_w4,2.600,2.600,2.600,2.600,2.5280,1.849e-04,2.474e-02,1.324e-02,5
F8_E4M3_B128,LUT,"U(-1,1)",64,7168,7168,16x128x32_w8,2.740,2.740,2.740,2.740,2.4020,1.849e-04,2.472e-02,1.323e-02,5
F8_E4M3_B128,BITSHIFT,"U(-1,1)",64,7168,7168,16x128x32_w8,2.310,2.310,2.320,2.314,2.8420,1.849e-04,2.474e-02,1.324e-02,5
F8_E4M3_B128,LUT,"U(-1,1)",64,7168,7168,128x64x32_w4_v2,2.510,2.510,2.510,2.510,2.6210,1.849e-04,2.472e-02,1.323e-02,5
F8_E4M3_B128,LUT,"U(-1,1)",64,7168,7168,64x64x32_w4_v2,2.880,2.880,2.890,2.884,2.2800,1.849e-04,2.472e-02,1.323e-02,5
F8_E4M3_B128,LUT,"U(-1,1)",64,7168,7168,128x64x32_w4_v3,3.740,3.740,3.750,3.742,1.7560,1.849e-04,2.472e-02,1.323e-02,5
F8_E4M3_B128,LUT,"U(-1,1)",64,7168,7168,64x64x32_w4_v3,4.600,4.590,4.610,4.600,1.4310,1.849e-04,2.472e-02,1.323e-02,5
F8_E4M3_B128,LUT,"U(-1,1)",64,7168,7168,32x64x32_w4_v3_b1,5.120,5.120,5.150,5.128,1.2830,1.849e-04,2.472e-02,1.323e-02,5
F8_E4M3_B128,LUT,"U(-1,1)",64,7168,7168,128x64x32_w4_v4,3.680,3.680,3.690,3.682,1.7860,1.849e-04,2.472e-02,1.323e-02,5
F8_E4M3_B128,LUT,"U(-1,1)",64,7168,7168,64x64x32_w4_v4,4.630,4.630,4.640,4.632,1.4210,1.849e-04,2.472e-02,1.323e-02,5
F8_E4M3_B128,LUT,"U(-1,1)",64,7168,7168,128x64x32_w4_v5,3.710,3.700,3.710,3.706,1.7740,1.849e-04,2.472e-02,1.323e-02,5
F8_E4M3_B128,LUT,"U(-1,1)",64,7168,7168,64x64x32_w4_v5,4.620,4.620,4.630,4.622,1.4230,1.849e-04,2.472e-02,1.323e-02,5
F8_E4M3_B128,LUT,"U(-1,1)",64,7168,7168,128x64x32_w4_v3s_ks2,6.570,6.560,6.580,6.572,1.0010,1.849e-04,2.472e-02,1.325e-02,5
F8_E4M3_B128,LUT,"U(-1,1)",64,7168,7168,128x64x32_w4_v3s_ks4,6.530,6.520,6.540,6.530,1.0080,1.849e-04,2.473e-02,1.322e-02,5
F8_E4M3_B128,LUT,"U(-1,1)",64,7168,7168,64x64x32_w4_v3s_ks2,8.680,8.650,8.700,8.674,0.7580,1.849e-04,2.472e-02,1.325e-02,5
F8_E4M3_B128,LUT,"U(-1,1)",64,7168,7168,64x64x32_w4_v3s_ks4,8.200,8.170,8.210,8.194,0.8020,1.849e-04,2.473e-02,1.322e-02,5
F8_E4M3_B128,LUT,"U(-1,1)",64,7168,7168,64x64x32_w4_v3s_ks8,10.040,9.900,10.080,10.016,0.6550,1.849e-04,2.473e-02,1.323e-02,5
