INT8,LUT,U(-1,1),64,7168,7168,128x128x16_w4_v12_ms3,OK,ms=0.556,tflops=11.84,gbps=104.9,maxabs=2.259e+00,p99=6.036e-01,rel=5.469e-03
INT8,LUT,U(-1,1),64,7168,7168,128x128x16_w4_v13_rf_v6,OK,ms=0.491,tflops=13.40,gbps=118.7,maxabs=2.259e+00,p99=6.036e-01,rel=5.469e-03
INT8,LUT,U(-1,1),128,7168,7168,128x128x16_w4_v12_ms3,OK,ms=0.670,tflops=19.64,gbps=92.5,maxabs=2.259e+00,p99=6.054e-01,rel=5.466e-03
INT8,LUT,U(-1,1),128,7168,7168,128x128x16_w4_v13_rf_v6,OK,ms=0.613,tflops=21.47,gbps=101.1,maxabs=2.259e+00,p99=6.054e-01,rel=5.466e-03
INT8,LUT,U(-1,1),256,7168,7168,128x128x16_w4_v12_ms3,OK,ms=0.902,tflops=29.15,gbps=76.8,maxabs=2.259e+00,p99=6.049e-01,rel=5.466e-03
INT8,LUT,U(-1,1),256,7168,7168,128x128x16_w4_v13_rf_v6,OK,ms=0.652,tflops=40.36,gbps=106.3,maxabs=2.259e+00,p99=6.049e-01,rel=5.466e-03
INT8,LUT,U(-1,1),512,7168,7168,128x128x16_w4_v12_ms3,OK,ms=1.873,tflops=28.09,gbps=44.8,maxabs=2.259e+00,p99=6.111e-01,rel=5.465e-03
INT8,LUT,U(-1,1),512,7168,7168,128x128x16_w4_v13_rf_v6,OK,ms=1.359,tflops=38.72,gbps=61.8,maxabs=2.259e+00,p99=6.111e-01,rel=5.465e-03
INT8,LUT,U(-1,1),1024,7168,7168,128x128x16_w4_v12_ms3,OK,ms=2.706,tflops=38.89,gbps=41.9,maxabs=2.450e+00,p99=6.124e-01,rel=5.467e-03
INT8,LUT,U(-1,1),1024,7168,7168,128x128x16_w4_v13_rf_v6,OK,ms=2.119,tflops=49.66,gbps=53.5,maxabs=2.450e+00,p99=6.124e-01,rel=5.467e-03
INT8,LUT,U(-1,1),2048,7168,7168,128x128x16_w4_v12_ms3,OK,ms=5.378,tflops=39.14,gbps=32.0,maxabs=2.450e+00,p99=6.244e-01,rel=5.469e-03
INT8,LUT,U(-1,1),2048,7168,7168,128x128x16_w4_v13_rf_v6,OK,ms=4.363,tflops=48.24,gbps=39.4,maxabs=2.450e+00,p99=6.244e-01,rel=5.469e-03
INT8,LUT,U(-1,1),64,18944,7168,128x128x16_w4_v12_ms3,OK,ms=0.922,tflops=18.85,gbps=163.7,maxabs=2.259e+00,p99=5.740e-01,rel=5.467e-03
INT8,LUT,U(-1,1),64,18944,7168,128x128x16_w4_v13_rf_v6,OK,ms=0.879,tflops=19.77,gbps=171.7,maxabs=2.259e+00,p99=5.740e-01,rel=5.467e-03
INT8,LUT,U(-1,1),128,18944,7168,128x128x16_w4_v12_ms3,OK,ms=1.072,tflops=32.42,gbps=147.0,maxabs=2.259e+00,p99=5.875e-01,rel=5.465e-03
INT8,LUT,U(-1,1),128,18944,7168,128x128x16_w4_v13_rf_v6,OK,ms=0.998,tflops=34.83,gbps=157.9,maxabs=2.259e+00,p99=5.875e-01,rel=5.465e-03
INT8,LUT,U(-1,1),256,18944,7168,128x128x16_w4_v12_ms3,OK,ms=2.065,tflops=33.67,gbps=82.8,maxabs=2.259e+00,p99=5.982e-01,rel=5.463e-03
INT8,LUT,U(-1,1),256,18944,7168,128x128x16_w4_v13_rf_v6,OK,ms=1.966,tflops=35.36,gbps=87.0,maxabs=2.259e+00,p99=5.982e-01,rel=5.463e-03
INT8,LUT,U(-1,1),512,18944,7168,128x128x16_w4_v12_ms3,OK,ms=5.318,tflops=26.15,gbps=37.2,maxabs=2.259e+00,p99=5.859e-01,rel=5.466e-03
INT8,LUT,U(-1,1),512,18944,7168,128x128x16_w4_v13_rf_v6,OK,ms=5.501,tflops=25.28,gbps=36.0,maxabs=2.259e+00,p99=5.859e-01,rel=5.466e-03
INT8,LUT,U(-1,1),1024,18944,7168,128x128x16_w4_v12_ms3,OK,ms=14.535,tflops=19.13,gbps=17.3,maxabs=2.450e+00,p99=5.982e-01,rel=5.466e-03
INT8,LUT,U(-1,1),1024,18944,7168,128x128x16_w4_v13_rf_v6,OK,ms=14.443,tflops=19.25,gbps=17.4,maxabs=2.450e+00,p99=5.982e-01,rel=5.466e-03
INT8,LUT,U(-1,1),2048,18944,7168,128x128x16_w4_v12_ms3,OK,ms=33.143,tflops=16.78,gbps=10.8,maxabs=2.490e+00,p99=5.827e-01,rel=5.468e-03
INT8,LUT,U(-1,1),2048,18944,7168,128x128x16_w4_v13_rf_v6,OK,ms=32.460,tflops=17.13,gbps=11.0,maxabs=2.490e+00,p99=5.827e-01,rel=5.468e-03
INT8,LUT,U(-1,1),64,7168,18944,128x128x16_w4_v12_ms3,OK,ms=1.486,tflops=11.70,gbps=101.6,maxabs=6.439e+00,p99=1.597e+00,rel=8.872e-03
INT8,LUT,U(-1,1),64,7168,18944,128x128x16_w4_v13_rf_v6,OK,ms=1.329,tflops=13.08,gbps=113.6,maxabs=6.439e+00,p99=1.597e+00,rel=8.872e-03
INT8,LUT,U(-1,1),128,7168,18944,128x128x16_w4_v12_ms3,OK,ms=1.820,tflops=19.10,gbps=86.6,maxabs=6.439e+00,p99=1.563e+00,rel=8.880e-03
INT8,LUT,U(-1,1),128,7168,18944,128x128x16_w4_v13_rf_v6,OK,ms=1.649,tflops=21.09,gbps=95.6,maxabs=6.439e+00,p99=1.563e+00,rel=8.880e-03
INT8,LUT,U(-1,1),256,7168,18944,128x128x16_w4_v12_ms3,OK,ms=4.936,tflops=14.09,gbps=34.6,maxabs=6.439e+00,p99=1.574e+00,rel=8.873e-03
INT8,LUT,U(-1,1),256,7168,18944,128x128x16_w4_v13_rf_v6,OK,ms=1.780,tflops=39.06,gbps=96.1,maxabs=6.439e+00,p99=1.574e+00,rel=8.873e-03
INT8,LUT,U(-1,1),512,7168,18944,128x128x16_w4_v12_ms3,OK,ms=9.901,tflops=14.04,gbps=20.0,maxabs=7.312e+00,p99=1.617e+00,rel=8.880e-03
INT8,LUT,U(-1,1),512,7168,18944,128x128x16_w4_v13_rf_v6,OK,ms=6.235,tflops=22.30,gbps=31.7,maxabs=7.312e+00,p99=1.617e+00,rel=8.880e-03
INT8,LUT,U(-1,1),1024,7168,18944,128x128x16_w4_v12_ms3,OK,ms=14.248,tflops=19.52,gbps=17.6,maxabs=7.312e+00,p99=1.634e+00,rel=8.882e-03
INT8,LUT,U(-1,1),1024,7168,18944,128x128x16_w4_v13_rf_v6,OK,ms=10.737,tflops=25.90,gbps=23.4,maxabs=7.312e+00,p99=1.634e+00,rel=8.882e-03
INT8,LUT,U(-1,1),2048,7168,18944,128x128x16_w4_v12_ms3,OK,ms=49.194,tflops=11.31,gbps=7.3,maxabs=7.312e+00,p99=1.579e+00,rel=8.884e-03
INT8,LUT,U(-1,1),2048,7168,18944,128x128x16_w4_v13_rf_v6,OK,ms=35.450,tflops=15.69,gbps=10.1,maxabs=7.312e+00,p99=1.579e+00,rel=8.884e-03
INT8,LUT,U(-1,1),64,4096,4096,128x128x16_w4_v12_ms3,OK,ms=0.335,tflops=6.42,gbps=59.5,maxabs=1.037e+00,p99=3.311e-01,rel=4.147e-03
INT8,LUT,U(-1,1),64,4096,4096,128x128x16_w4_v13_rf_v6,OK,ms=0.291,tflops=7.37,gbps=68.4,maxabs=1.037e+00,p99=3.311e-01,rel=4.147e-03
INT8,LUT,U(-1,1),128,4096,4096,128x128x16_w4_v12_ms3,OK,ms=0.358,tflops=12.00,gbps=61.5,maxabs=1.237e+00,p99=3.329e-01,rel=4.141e-03
INT8,LUT,U(-1,1),128,4096,4096,128x128x16_w4_v13_rf_v6,OK,ms=0.321,tflops=13.39,gbps=68.6,maxabs=1.237e+00,p99=3.329e-01,rel=4.141e-03
INT8,LUT,U(-1,1),256,4096,4096,128x128x16_w4_v12_ms3,OK,ms=0.360,tflops=23.84,gbps=72.8,maxabs=1.280e+00,p99=3.317e-01,rel=4.140e-03
INT8,LUT,U(-1,1),256,4096,4096,128x128x16_w4_v13_rf_v6,OK,ms=0.320,tflops=26.83,gbps=81.9,maxabs=1.280e+00,p99=3.317e-01,rel=4.140e-03
INT8,LUT,U(-1,1),512,4096,4096,128x128x16_w4_v12_ms3,OK,ms=0.530,tflops=32.40,gbps=65.3,maxabs=1.280e+00,p99=3.339e-01,rel=4.139e-03
INT8,LUT,U(-1,1),512,4096,4096,128x128x16_w4_v13_rf_v6,OK,ms=0.374,tflops=45.92,gbps=92.5,maxabs=1.280e+00,p99=3.339e-01,rel=4.139e-03
INT8,LUT,U(-1,1),1024,4096,4096,128x128x16_w4_v12_ms3,OK,ms=1.051,tflops=32.68,gbps=48.9,maxabs=1.320e+00,p99=3.354e-01,rel=4.141e-03
INT8,LUT,U(-1,1),1024,4096,4096,128x128x16_w4_v13_rf_v6,OK,ms=0.752,tflops=45.68,gbps=68.3,maxabs=1.320e+00,p99=3.354e-01,rel=4.141e-03
INT8,LUT,U(-1,1),2048,4096,4096,128x128x16_w4_v12_ms3,OK,ms=2.069,tflops=33.21,gbps=41.0,maxabs=1.320e+00,p99=3.472e-01,rel=4.143e-03
INT8,LUT,U(-1,1),2048,4096,4096,128x128x16_w4_v13_rf_v6,OK,ms=1.540,tflops=44.64,gbps=55.2,maxabs=1.320e+00,p99=3.472e-01,rel=4.143e-03
